{
    "bf16": {
        "enabled": true
    },

    "zero_optimization": {
        "stage": 2,
        "allgather_bucket_size": 5e8,
        "overlap_comm": true,
        "reduce_scatter": true,
        "reduce_bucket_size": 5e8,
        "contiguous_gradients": true,
        "offload_optimizer": {
            "device": "cpu",
            "pin_memory": true
        }
    },
    "optimizer": {
       "type": "AdamW",
       "params": {
         "lr": 3e-4,
         "betas": [0.9, 0.95],
         "eps": 1e-5,
         "weight_decay": 0.1
       }
    },
    "gradient_clipping": 1.0,
    "gradient_accumulation_steps": 1,
    "train_micro_batch_size_per_gpu": 1,

    "steps_per_print": 100,
    "wall_clock_breakdown": false
}
